species,total_length,weight
Lstp,68,1.8
Lstp,71,1.68
Lstp,61,1.21
Lstp,264,131.18
Lstp,284,152.06
Lstp,285,150.5
Lstp,260,124.09
Lstp,226,92.62
Lstp,303,166.48
Lstp,266,122.44
Lstp,260,100.7
Lstp,290,153.24
Lstp,231,82.22
Lstp,285,141.22
Lstp,229,79.6
Lstp,298,185.18
Lstp,264,127.84
Lstp,285,157.55
Lstp,141,22.38
Lstp,281,131.76
Lstp,243,92.02
Lstp,245,104.6
Lstp,300,170.77
Lstp,268,130.16
Lstp,267,107.25
Lstp,260,100.64
Lstp,304,172.25
Lstp,292,163.63
Lstp,302,162.94
Lstp,287,143.43
Lstp,194,47.46
Lstp,240,95.91
Lstp,235,75
Lstp,231,88.87
Lstp,264,120.94
Lstp,242,95.76
Lstp,256,113.63
Lstp,227,77.07
Lstp,304,169.11
Lstp,283,133.53
Lstp,324,211.34
Lstp,280,133.17
Lstp,266,110.79
Lstp,212,64
Lstp,248,106.35
Lstp,181,37.25
Lstp,265,115.75
Lstp,240,89.1
Lstp,233,78.5
Lstp,291,156.44
Lstp,278,131.75
Lstp,161,20.96
Lstp,291,162.64
Lstp,300,174.77
Lstp,267,133.53
Lstp,293,165.15
Lstp,227,90.03
Lstp,272,114.48
Lstp,246,95.7
Lstp,274,146.62
Lstp,244,104.44
Lstp,224,80.71
Lstp,297,173.21
Lstp,258,105.25
Lstp,225,68.34
Lstp,320,205.04
Lstp,261,129.61
Lstp,287,152.48
Lstp,220,79.15
Lstp,254,98.62
Lstp,268,125.27
Lstp,288,139.78
Lstp,240,92.31
Lstp,284,142.86
Lstp,298,150.7
Lstp,279,126.95
Lstp,234,76.68
Lstp,229,75.24
Lstp,324,206.53
Lstp,259,104.48
Lstp,247,90.54
Lstp,283,139.61
Lstp,226,82.29
Lstp,284,150.73
Lstp,289,152.32
Lstp,262,111.74
Lstp,274,137.15
Lstp,296,163.2
Lstp,290,147.84
Lstp,231,85.82
Lstp,248,94.26
Lstp,231,85.17
Lstp,215,65.16
Lstp,276,143.68
Lstp,278,143.29
Lstp,224,81.22
Lstp,280,128.95
Lstp,237,89.99
Lstp,265,131.51
Lstp,270,138.33
Lstp,242,90.97
Lstp,333,220.57
Lstp,236,90.92
Lstp,331,180.77
Lstp,480,707
Lstp,442,645
Lstp,415,518
Lstp,383,376
Lstp,180,43.91
Lstp,186,45.71
Lstp,236,95.83
Lstp,220,73.27
Lstp,244,103.2
Lstp,220,76.98
Lstp,215,69.95
Lstp,190,51.52
Lstp,231,98.81
Lstp,253,108.72
Lstp,187,50.07
Lstp,190,51.51
Lstp,221,83.27
Lstp,150,24.24
Lstp,145,19.8
Lstp,167,35.88
Lstp,130,15.54
Lstp,120,12.5
Lstp,178,45.55
Lstp,265,125.6
Stolo,75,2.7
Stolo,84,3.69
Stolo,82,3.67
Stolo,76,3.1
Stolo,74,2.62
Stolo,68,2.03
Stolo,81,3.69
Stolo,85,3.72
Stolo,74,2.61
Stolo,81,3.58
Stolo,80,3.07
Stolo,81,3.62
Stolo,83,4.13
Stolo,80,3.28
Stolo,80,3.46
Stolo,71,2.3
Stolo,87,4.48
Stolo,81,3.46
Stolo,79,3.03
Stolo,72,2.18
Stolo,86,3.35
Stolo,74,3.68
Stolo,75,2.56
Stolo,78,3.1
Stolo,79,3.47
Stolo,88,4.5
Stolo,79,3.3
Stolo,72,2.54
Stolo,76,3.01
Stolo,80,3.48
Stolo,62,1.77
Stolo,72,2.68
Stolo,85,3.75
Stolo,76,3.06
Stolo,54,1.2
Stolo,55,1.01
Stolo,83,3.63
Stolo,79,3.27
Stolo,60,1.34
Stolo,81,3.44
Stolo,75,2.88
Stolo,90,4.36
Stolo,82,3.66
Stolo,72,2.77
Stolo,72,2.25
Stolo,83,3.58
Stolo,82,3.67
Stolo,74,2.61
Stolo,78,3.31
Stolo,76,2.96
Stolo,91,5.39
Stolo,80,3.5
Stolo,72,2.32
Stolo,84,3.88
Stolo,83,4.1
Stolo,85,4.28
Stolo,78,3.5
Stolo,75,2.79
Stolo,73,2.7
Stolo,64,1.8
Stolo,70,2.16
Stolo,80,3.14
Stolo,85,3.8
Stolo,83,3.31
Stolo,55,1.1
Stolo,59,1.01
Stolo,60,1.09
Stolo,60,1.3
Stolo,83,3.48
Stolo,86,3.3
Stolo,78,2.72
Stolo,80,3.66
Stolo,69,1.89
Stolo,86,4.27
Stolo,80,3.24
Stolo,86,4.23
Stolo,90,4.91
Stolo,84,3.62
Stolo,86,3.72
Stolo,83,3.61
Stolo,72,2.52
Stolo,82,3.67
Stolo,69,2.17
Stolo,75,2.68
Stolo,86,4.46
Stolo,90,4.67
Stolo,87,4.65
Stolo,83,3.7
Stolo,75,3.11
Stolo,83,4.84
Stolo,82,3.65
Stolo,90,5.37
Stolo,88,4.14
Stolo,83,4.7
Stolo,88,4.58
Stolo,83,3.73
Stolo,93,5.14
Stolo,83,3.77
Stolo,83,3.67
Stolo,75,2.65
Stolo,95,5.74
Stolo,85,4.25
Stolo,85,4.08
Stolo,82,3.64
Stolo,82,3.48
Stolo,76,2.96
Stolo,77,2.64
Stolo,77,3.32
Stolo,85,4.08
Stolo,81,3.15
Stolo,81,3.24
Stolo,88,4.45
Stolo,85,3.6
Stolo,83,3.81
Stolo,81,2.64
Stolo,84,3.08
Stolo,83,3.41
Stolo,85,4.08
Stolo,80,3.29
Stolo,81,3.44
Stolo,82,3.6
Stolo,84,4.06
Stolo,85,4.01
Stolo,85,4.07
Stolo,90,4.49
Stolo,85,3.49
Stolo,74,2.47
Stolo,83,3.8
Stolo,92,5.82
Stolo,75,2.87
Stolo,83,3.3
Stolo,83,3.49
Stolo,85,3.74
Stolo,82,3.66
Stolo,80,3.5
Stolo,80,3.7
Stolo,85,4.46
Stolo,82,3.7
Stolo,58,3.18
Stolo,79,3.25
Stolo,82,3.43
Stolo,82,3.75
Stolo,93,5.1
Stolo,82,3.47
Stolo,84,3.06
Stolo,80,2.82
Stolo,76,2.74
Stolo,83,3.6
Stolo,86,3.78
Stolo,85,3.75
Stolo,85,3.94
Stolo,87,4.1
Stolo,75,2.6
Stolo,80,3.15
Stolo,80,2.96
Stolo,85,3.75
Stolo,85,3.99
Stolo,84,3.5
Stolo,84,3.67
Stolo,83,3.58
Stolo,74,2.65
Stolo,93,5.09
Stolo,85,3.32
Stolo,84,3.9
Stolo,83,3.53
Stolo,83,2.43
Stolo,72,2.43
Stolo,80,3.4
Stolo,83,3.6
Stolo,83,3.33
Stolo,85,4.15
Stolo,78,3.9
Stolo,83,3.62
Stolo,76,2.78
Stolo,84,3.77
Stolo,80,3.09
Stolo,87,4.14
Stolo,84,3.9
Stolo,81,3.1
Stolo,79,2.87
Stolo,97,5.64
Stolo,92,4.56
Stolo,80,3.21
Stolo,70,2.1
Stolo,84,3.6
Stolo,90,4.76
Stolo,90,5.1
Stolo,92,4.78
Stolo,83,3.74
Stolo,78,2.93
Stolo,76,2.83
Stolo,91,5.03
Stolo,88,4.37
Stolo,80,3.35
Stolo,78,2.88
Stolo,71,2.14
Stolo,85,3.75
Stolo,85,3.95
Stolo,85,3.97
Stolo,80,3.17
Stolo,83,3.6
Stolo,79,3.02
Stolo,83,3.28
Stolo,85,3.51
Stolo,84,3.81
Stolo,87,4.28
Stolo,75,2.68
Stolo,80,3.24
Stolo,82,3.84
Stolo,82,3.53
Stolo,78,2.95
Stolo,77,2.84
Stolo,86,3.9
Stolo,86,4.21
Stolo,95,5.35
Stolo,83,3.56
Stolo,90,4.23
Stolo,75,2.81
Stolo,77,2.78
Stolo,80,3.19
Stolo,78,2.98
Stolo,80,3.15
Stolo,90,4.37
Stolo,80,3.13
Stolo,85,3.7
Stolo,87,4.25
Stolo,75,2.65
Stolo,85,3.45
Stolo,80,3.08
Stolo,75,2.64
Stolo,83,3.06
Stolo,81,3.49
Stolo,83,3.36
Stolo,82,3.51
Stolo,91,4.74
Stolo,73,2.18
Stolo,84,3.55
Stolo,72,2.09
Stolo,83,3.67
Stolo,82,3.57
Stolo,88,4.67
Stolo,86,3.75
Stolo,93,4
Stolo,75,2
Stolo,82,3.14
Stolo,79,3.26
Stolo,86,4.18
Stolo,83,3.61
Stolo,71,2.23
Stolo,80,3.41
Stolo,75,2.71
Stolo,78,2.83
Stolo,77,2.82
Stolo,84,3.74
Stolo,67,1.86
Stolo,70,2.2
Stolo,70,2.28
Stolo,85,3.72
Stolo,85,3.81
Stolo,78,2.78
Stolo,81,3.31
Stolo,81,3.46
Stolo,75,2.55
Stolo,80,3.05
Stolo,80,3.05
Stolo,85,3.98
Stolo,60,1.32
Stolo,64,1.61
Stolo,86,4.28
Stolo,95,5.14
Stolo,71,2.16
Stolo,74,2.62
Stolo,65,1.85
Stolo,75,2.48
Stolo,76,2.68
Stolo,78,2.07
Stolo,70,2.08
Stolo,70,2.1
Stolo,60,1.53
Stolo,78,3.09
Stolo,75,2.68
Stolo,85,3.78
Stolo,80,3.19
Stolo,70,2.18
Stolo,70,2.17
Stolo,70,2.25
Stolo,73,2.49
Stolo,72,2.4
Stolo,75,2.2
Stolo,76,2.56
Stolo,80,3.51
Stolo,87,3.25
Stolo,84,4.11
Stolo,81,3.68
Stolo,68,1.75
Stolo,80,3.36
Stolo,85,3.65
Stolo,87,4.29
Stolo,88,4.68
Stolo,71,2.33
Stolo,82,3.81
Stolo,89,4.8
Stolo,95,5.9
Stolo,85,4.7
Stolo,85,4.24
Stolo,85,4.28
Stolo,85,4.21
Stolo,83,3.68
Stolo,77,3.11
Stolo,75,2.49
Stolo,81,3.55
Stolo,79,3.26
Stolo,90,5.1
Stolo,79,3.24
Stolo,86,4.05
Stolo,84,3.65
Stolo,75,2.67
Stolo,87,4.6
Stolo,88,4.85
Stolo,84,3.21
Stolo,87,4.11
Stolo,83,3.69
Stolo,80,3.52
Stolo,88,4.59
Stolo,83,3.65
Stolo,76,2.79
Stolo,89,4.86
Stolo,75,3.05
Stolo,83,5.46
Stolo,88,4.73
Stolo,80,3.65
Stolo,84,3.72
Stolo,81,3.6
Stolo,79,3.18
Stolo,77,2.9
Stolo,80,3.43
Stolo,85,4.15
Stolo,70,2.32
Stolo,84,3.7
Stolo,72,2.2
Stolo,86,4.58
Stolo,76,3.17
Stolo,84,3.79
Stolo,84,3.81
Stolo,81,3.65
Stolo,91,4.85
Stolo,87,3.08
Stolo,82,3.7
Stolo,74,2.43
Stolo,76,2.85
Stolo,80,3.44
Stolo,82,3.98
Stolo,83,3.05
Stolo,90,4.77
Stolo,80,3.13
Stolo,75,3.89
Stolo,84,4.4
Stolo,82,3.34
Stolo,88,3.65
Stolo,84,4.3
Stolo,87,4.18
Stolo,82,3.78
Stolo,83,3.91
Stolo,82,3.72
Stolo,94,5.98
Stolo,82,3.81
Stolo,88,3.96
Stolo,89,4.59
Stolo,77,2.89
Stolo,81,3.46
Stolo,88,4.98
Stolo,90,5.4
Stolo,85,4.03
Stolo,82,3.46
Stolo,77,3.06
Stolo,81,3.48
Stolo,90,4.92
Stolo,81,2.29
Stolo,85,3.9
Stolo,85,3.95
Stolo,84,3.97
Stolo,91,5.2
Stolo,80,3.12
Stolo,90,5.06
Stolo,90,4.73
Stolo,85,4.08
Stolo,85,4.29
Stolo,78,3.06
Stolo,86,3.9
Stolo,86,3.96
Stolo,76,2
Stolo,83,3.05
Stolo,92,5.16
Stolo,85,4.12
Stolo,81,3.46
Stolo,85,3.85
Stolo,88,4.18
Stolo,90,4.76
Stolo,85,4.08
Stolo,90,5.1
Stolo,93,5.17
Stolo,88,4.61
Stolo,85,3.9
Stolo,90,4.49
Stolo,85,4.36
Stolo,82,3.52
Stolo,85,4.16
Stolo,82,3.65
Stolo,83,3.73
Stolo,86,4.16
Stolo,82,3.75
Stolo,83,3.8
Stolo,72,2.39
Stolo,83,3.87
Stolo,82,3.94
Stolo,85,3.88
Stolo,85,4.5
Stolo,87,4.25
Stolo,81,3.42
Stolo,87,4.4
Stolo,81,3.38
Stolo,86,4.13
Stolo,87,4.01
Stolo,95,5.29
Stolo,88,4.58
Stolo,84,3.94
Stolo,85,3.96
Stolo,78,3.24
Stolo,83,4.26
Stolo,86,4.16
Stolo,83,3.3
Stolo,90,4.6
Stolo,83,3.6
Stolo,86,4.04
Stolo,87,4.72
Stolo,83,3.56
Stolo,87,4.17
Stolo,84,3.77
Stolo,93,5.17
Stolo,92,5.14
Stolo,85,3.89
Stolo,90,4.62
Stolo,90,4.89
Stolo,91,5.15
Stolo,86,4.16
Stolo,83,3.28
Stolo,85,3.72
Stolo,93,5.13
Stolo,90,4.71
Stolo,82,3.49
Stolo,91,4.73
Stolo,85,3.65
Stolo,85,3.8
Stolo,83,3.5
Stolo,84,3.64
Stolo,90,4.38
Stolo,85,3.97
Stolo,85,4.03
Stolo,87,4.46
Stolo,84,3.55
Stolo,88,4.31
Stolo,85,3.92
Stolo,84,3.67
Stolo,74,2.89
Stolo,86,3.95
Stolo,86,4.41
Stolo,86,3.86
Stolo,85,3.64
Stolo,85,3.68
Stolo,77,2.78
Stolo,90,4.94
Stolo,86,3.88
Stolo,80,3.2
Stolo,85,3.89
Stolo,88,4.35
Stolo,81,3.1
Stolo,80,3.88
Stolo,95,3.16
Stolo,85,3.99
Stolo,84,3.84
Stolo,85,3.85
Stolo,80,3.16
Stolo,80,3.15
Stolo,85,3.84
Stolo,83,3.62
Stolo,87,4.41
Stolo,91,4.49
Stolo,90,4.61
Stolo,72,2.81
Stolo,82,3.5
Stolo,91,5.06
Stolo,82,3.56
Stolo,83,3.65
Stolo,88,4.46
Stolo,86,4.12
Stolo,87,4.26
Stolo,81,3.29
Stolo,88,4.17
Stolo,88,4.19
Stolo,90,4.96
Stolo,81,3.19
Stolo,90,4.42
Stolo,89,4.34
Stolo,83,3.69
Stolo,84,3.55
Stolo,85,3.95
Stolo,85,3.96
Stolo,85,4.28
Stolo,85,3.9
Stolo,83,3.42
Stolo,80,3.51
Stolo,81,3.48
Stolo,81,3.28
Stolo,88,4.85
Stolo,87,4.75
Stolo,93,4.85
Stolo,85,3.7
Stolo,81,3.29
Stolo,83,3.8
Stolo,86,4.15
Stolo,77,3.08
Stolo,96,5.16
Stolo,90,5.18
Stolo,83,3.5
Stolo,80,3.33
Stolo,80,3.05
Stolo,90,4.52
Stolo,85,3.82
Stolo,91,4.41
Stolo,81,3.33
Stolo,84,3.93
Stolo,78,3.02
Stolo,80,3.07
Stolo,77,2.63
Stolo,80,3.03
Stolo,80,3.38
Stolo,82,3.47
Stolo,80,3.05
Stolo,84,3.62
Stolo,89,4.21
Stolo,75,2.82
Stolo,75,2.43
Stolo,75,2.65
Stolo,83,3.36
Stolo,85,3.89
Stolo,80,3.05
Stolo,74,2.42
Stolo,77,2.84
Stolo,85,4.23
Stolo,89,4.74
Stolo,83,3.6
Stolo,90,4.93
Stolo,85,4
Stolo,80,4.06
Stolo,80,4.07
Stolo,82,3.58
Stolo,88,4.39
Stolo,90,4.47
Stolo,85,3.95
Stolo,83,3.78
Stolo,85,4.08
Stolo,76,2.88
Stolo,82,3.55
Stolo,85,3.91
Stolo,82,3.6
Stolo,82,3.58
Stolo,82,3.53
Stolo,72,2.57
Stolo,79,3.12
Stolo,77,2.79
Stolo,87,4.01
Stolo,71,2.18
Stolo,78,2.97
Stolo,82,3.41
Stolo,81,3.28
Stolo,86,4.17
Stolo,81,3.42
Stolo,80,3.29
Stolo,87,4.14
Stolo,81,3.11
Stolo,87,4.13
Stolo,81,3.31
Stolo,73,2.39
Stolo,85,3.89
Stolo,80,3.35
Stolo,79,3.02
Stolo,82,3.44
Stolo,84,3.61
Stolo,80,3.24
Stolo,79,3.12
Stolo,80,3.21
Stolo,75,2.79
Stolo,62,1.61
Stolo,88,4.1
Stolo,90,4.59
Stolo,88,4.82
Stolo,87,3.85
Stolo,88,4.05
Stolo,89,4.41
Stolo,83,3.67
Stolo,90,4.91
Stolo,82,3.37
Stolo,72,2.32
Stolo,83,3.67
Stolo,86,3.86
Stolo,87,4.6
Stolo,84,3.72
Stolo,85,3.85
Stolo,90,4.98
Stolo,85,2.78
Stolo,77,2.71
Stolo,85,3.78
Stolo,87,3.9
Stolo,82,3.41
Stolo,95,5.51
Stolo,75,2.52
Stolo,80,3.23
Stolo,80,3.5
Stolo,78,3.15
Stolo,78,2.5
Stolo,79,2.88
Stolo,80,2.25
Stolo,81,3.18
Stolo,80,3.18
Stolo,80,3.31
Stolo,90,5.01
Stolo,85,3.9
Stolo,83,3.62
Stolo,80,3.28
Stolo,82,4.31
Stolo,83,3.5
Stolo,90,4.75
Stolo,90,4.61
Stolo,91,5.1
Stolo,82,3.41
Stolo,82,3.39
Stolo,88,4.27
Stolo,85,3.77
Stolo,79,2.88
Stolo,79,3.25
Stolo,87,4.05
Stolo,88,4.36
Stolo,89,4.47
Stolo,83,3.78
Stolo,88,4.27
Stolo,82,3.66
Stolo,92,4.98
Stolo,90,4.84
Stolo,84,3.9
Stolo,82,3.57
Stolo,85,3.65
Stolo,86,3.92
Stolo,80,3.23
Stolo,80,2.94
Stolo,83,3.63
Stolo,80,3.44
Stolo,87,4.43
Stolo,88,2.87
Stolo,88,3
Stolo,91,5.08
Stolo,84,3.78
Stolo,76,2.75
Stolo,86,4.13
Stolo,80,3.43
Stolo,79,3.1
Stolo,81,3.54
Stolo,81,3.68
Stolo,85,4.04
Stolo,87,4.24
Stolo,83,3.34
Stolo,70,2.11
Stolo,75,2.62
Stolo,77,2.74
Stolo,74,2.57
Stolo,84,3.66
Stolo,89,3.11
Stolo,76,2.92
Stolo,84,3.53
Stolo,80,3.37
Stolo,77,3.03
Stolo,72,3.31
Stolo,81,3.34
Stolo,79,2.78
Stolo,84,3.68
Stolo,85,3.8
Stolo,88,4.18
Stolo,80,3.22
Stolo,82,3.41
Stolo,81,3.16
Stolo,80,3.04
Stolo,84,3.41
Stolo,81,3.51
Stolo,77,2.7
Stolo,81,3.26
Stolo,93,5.47
Stolo,81,3.39
Stolo,82,3.78
Stolo,77,3.09
Stolo,78,3.44
Stolo,80,3.32
Stolo,80,3.3
Stolo,79,2.85
Stolo,80,3.03
Stolo,81,3.38
Stolo,82,3.47
Stolo,84,3.94
Stolo,86,4.03
Stolo,78,2.96
Stolo,78,3.07
Stolo,85,3.81
Stolo,68,1.74
Stolo,78,2.91
Stolo,78,2.96
Stolo,81,3.33
Stolo,79,3.08
Stolo,75,2.52
Stolo,76,2.71
Stolo,82,3.65
Stolo,77,3.01
Stolo,80,3.69
Stolo,79,3.36
Stolo,79,3.69
Stolo,82,3.81
Stolo,80,3.62
Stolo,76,2.91
Stolo,83,3.71
Stolo,78,3.22
Stolo,80,3.41
Stolo,79,3.37
Stolo,74,2.67
Stolo,70,2.76
Stolo,75,2.91
Stolo,80,3.41
Stolo,82,3.95
Stolo,75,3.03
Stolo,73,2.73
Stolo,79,3.36
Stolo,86,4.2
Stolo,85,4.06
Stolo,78,2.7
Stolo,71,2.43
Stolo,79,3.36
Stolo,74,2.89
Stolo,79,3.23
Stolo,71,2.43
Stolo,68,2.12
Stolo,71,2.41
Stolo,74,2.76
Stolo,67,1.94
Stolo,73,2.59
Stolo,72,2.48
Stolo,72,2.3
Stolo,75,2.75
Stolo,71,2.09
Stolo,85,4.36
Stolo,83,3.87
Stolo,76,2.87
Stolo,81,3.58
Stolo,82,3.79
Stolo,75,2.76
Stolo,76,2.76
Stolo,76,2.61
Stolo,73,2.34
Stolo,70,2.03
Stolo,71,2.21
Stolo,80,3.21
Stolo,80,3.5
Stolo,75,2.66
Stolo,73,2.66
Stolo,84,3.93
Stolo,80,3.21
Stolo,88,4.48
Stolo,76,2.85
Stolo,86,3.32
Stolo,78,3.06
Stolo,77,3.06
Stolo,74,2.46
Stolo,80,3.48
Stolo,80,3.27
Stolo,87,4.41
Stolo,74,2.59
Stolo,82,3.91
Stolo,62,1.47
Stolo,74,2.48
Stolo,62,1.78
Stolo,70,2.04
Stolo,70,2.12
Stolo,71,2.35
Stolo,73,3.35
Stolo,80,3.57
Stolo,82,3.61
Stolo,88,4.22
Stolo,75,2.67
Stolo,85,4.03
Stolo,80,3.2
Stolo,82,3.76
Stolo,82,3.3
Stolo,75,2.37
Stolo,87,4.23
Stolo,85,4.03
Stolo,80,3.33
Stolo,76,2.63
Stolo,77,2.73
Stolo,80,3.09
Stolo,75,2.51
Stolo,85,3.52
Stolo,82,3.41
Stolo,80,3.41
Stolo,79,3.27
Stolo,72,2.19
Stolo,84,4.01
Stolo,70,2.18
Stolo,80,3.12
Stolo,81,3.38
Stolo,78,2.82
Stolo,75,2.82
Stolo,68,1.98
Stolo,75,2.8
Stolo,76,2.72
Stolo,80,3.07
Stolo,72,2.15
Stolo,73,2.83
Stolo,75,2.66
Stolo,77,2.56
Stolo,77,2.35
Stolo,72,2.32
Stolo,72,2.32
Stolo,70,2.13
Stolo,68,1.93
Stolo,75,2.64
Stolo,71,2.29
Stolo,75,2.82
Stolo,75,2.76
Stolo,68,1.93
Stolo,80,2.9
Stolo,75,2.45
Stolo,82,3.45
Stolo,78,2.91
Stolo,90,4.65
Stolo,70,1.8
Stolo,81,3.12
Stolo,80,3.1
Stolo,79,3.2
Stolo,87,4.03
Stolo,80,3.24
Stolo,83,3.64
Stolo,79,2.95
Stolo,70,1.97
Stolo,93,5.24
Stolo,78,2.78
Stolo,79,2.8
Stolo,75,2.4
Stolo,72,1.97
Stolo,81,3.37
Stolo,72,2.05
Stolo,75,2.34
Stolo,71,2.23
Stolo,80,2.98
Stolo,79,1.77
Stolo,58,1.14
Stolo,69,1.9
Stolo,73,2.17
Stolo,61,1.37
Stolo,75,2.5
Stolo,72,2.26
Stolo,74,2.51
Stolo,83,3.25
Stolo,72,2.08
Stolo,70,2.03
Stolo,90,4.2
Stolo,78,2.92
Stolo,75,2.36
Stolo,80,3.03
Stolo,75,2.53
Stolo,75,2.54
Stolo,81,3.05
Stolo,74,2.41
Stolo,80,3
Stolo,72,2.07
Stolo,78,2.67
Stolo,81,3.31
Stolo,71,2.08
Stolo,80,2.03
Stolo,75,2.48
Stolo,72,2.05
Stolo,83,2.2
Stolo,79,2.75
Stolo,81,3.07
Stolo,79,2.89
Stolo,71,2.13
Stolo,67,1.87
Stolo,81,3.1
Stolo,91,4.43
Stolo,72,2.19
Stolo,77,2.58
Stolo,72,1.95
Stolo,70,1.88
Stolo,77,2.76
Stolo,73,2.06
Stolo,68,1.65
Stolo,73,2.3
Stolo,85,3.74
Stolo,74,2.52
Stolo,80,2.97
Stolo,71,2.16
Stolo,81,3.06
Stolo,78,2.85
Stolo,78,3.08
Stolo,85,3.66
Stolo,62,1.58
Stolo,53,0.93
Stolo,82,3.23
Stolo,70,1.94
Stolo,68,1.79
Stolo,69,1.97
Stolo,83,3.55
Stolo,82,3.25
Stolo,66,1.65
Stolo,80,3.34
Stolo,81,3.24
Stolo,58,1.18
Stolo,75,2.3
Stolo,90,4.11
Stolo,71,2.14
Stolo,85,3.89
Stolo,74,2.43
Stolo,68,1.81
Stolo,73,2.25
Stolo,88,4.23
Stolo,92,4.3
Stolo,85,3.3
Stolo,84,3.15
Stolo,86,4.13
Stolo,91,4.52
Stolo,88,3.93
Stolo,82,3.28
Stolo,84,3.4
Stolo,89,4.27
Stolo,98,4.3
Stolo,84,3.63
Stolo,77,2.76
Stolo,83,3
Stolo,86,4.28
Stolo,86,3.69
Stolo,82,3.28
Stolo,73,2.37
Stolo,80,2.86
Stolo,83,3.5
Stolo,85,3.22
Stolo,78,2.76
Stolo,82,2.99
Stolo,86,3.73
Stolo,84,3.44
Stolo,85,3.18
Stolo,82,3.03
Stolo,88,3.95
Stolo,85,3.38
Stolo,80,3.17
Stolo,83,3.53
Stolo,81,3.55
Stolo,86,3.95
Stolo,83,3.39
Stolo,81,2.98
Stolo,82,3.05
Stolo,81,2.8
Stolo,74,2.16
Stolo,78,2.48
Stolo,88,4.16
Stolo,86,3.59
Stolo,86,3.7
Stolo,80,2.61
Stolo,81,2.84
Stolo,88,4.44
Stolo,77,2.65
Stolo,85,3.04
Stolo,78,2.63
Stolo,85,3.5
Stolo,81,2.81
Stolo,78,2.71
Stolo,80,2.87
Stolo,78,2.81
Stolo,98,4.36
Stolo,72,2.33
Stolo,68,1.79
Stolo,77,2.88
Stolo,81,3.46
Stolo,90,4.76
Stolo,85,3.98
Stolo,80,3.09
Stolo,80,2.93
Stolo,77,2.96
Stolo,82,4.05
Stolo,81,3.66
Stolo,66,1.8
Stolo,86,4.06
Stolo,86,3.89
Stolo,81,3.67
Stolo,82,3.64
Stolo,78,3.13
Stolo,85,3.96
Stolo,83,3.61
Stolo,65,1.43
Stolo,73,2.43
Stolo,75,2.39
Stolo,75,2.89
Stolo,84,3.79
Stolo,73,2.32
Stolo,78,2.85
Stolo,80,2.81
Stolo,90,4.86
Stolo,75,2.34
Stolo,85,2.61
Stolo,73,2.39
Stolo,79,2.84
Stolo,89,4.49
Stolo,80,3.02
Stolo,77,2.83
Stolo,76,2.7
Stolo,72,2.32
Stolo,74,2.48
Stolo,78,3.04
Stolo,70,2.06
Stolo,72,2.94
Stolo,73,2.23
Stolo,73,2.7
Stolo,71,2.5
Stolo,73,2.22
Stolo,62,1.14
Stolo,80,3.27
Stolo,85,3.32
Stolo,75,2.49
Stolo,83,3.1
Stolo,81,3.24
Stolo,75,2.41
Stolo,75,2.61
Stolo,84,3.2
Stolo,82,3.16
Stolo,73,2.29
Stolo,83,3.7
Stolo,81,3.49
Stolo,64,1.45
Stolo,73,2.66
Stolo,80,3.19
Stolo,83,3.43
Stolo,74,2.58
Stolo,77,2.65
Stolo,71,2.13
Stolo,71,2.19
Stolo,73,2.16
Stolo,79,2.81
Stolo,73,2.41
Stolo,86,3.94
Stolo,85,3.7
Stolo,75,2.89
Stolo,81,3.61
Stolo,76,2.4
Stolo,85,3.55
Stolo,82,3.38
Stolo,75,2.75
Stolo,75,2.41
Stolo,83,3.72
Stolo,83,3.16
Stolo,73,2.45
Stolo,76,2.88
Stolo,78,3.61
Stolo,80,3.37
Stolo,71,2.47
Stolo,77,2.5
Stolo,72,2.44
Stolo,82,3.7
Stolo,83,3.8
Stolo,81,3.62
Stolo,84,3.84
Stolo,81,3.1
Stolo,78,3.02
Stolo,83,3.7
Stolo,70,2.18
Stolo,76,2.78
Stolo,70,2.19
Stolo,82,3.58
Stolo,81,3.58
Stolo,78,3.09
Stolo,80,2.9
Stolo,72,2.3
Stolo,85,3.65
Stolo,81,3.34
Stolo,69,1.94
Stolo,75,2.57
Stolo,81,3.24
Stolo,77,3.64
Stolo,86,4.28
Stolo,70,2.08
Stolo,82,3.62
Stolo,80,3.22
Stolo,85,2.6
Stolo,68,1.81
Stolo,69,2.16
Stolo,81,3.5
Stolo,70,2.05
Stolo,67,1.97
Stolo,70,2.32
Stolo,79,2.93
Stolo,73,2.63
Stolo,69,2.19
Stolo,65,1.68
Stolo,73,2.66
Stolo,77,2.95
Stolo,74,2.73
Stolo,73,2.52
Stolo,76,2.95
Stolo,72,2.38
Stolo,72,2.29
Stolo,60,1.48
Stolo,77,3.02
Stolo,74,2.62
Stolo,65,1.77
Stolo,72,2.61
Stolo,69,2.14
Stolo,68,1.9
Stolo,69,1.92
Stolo,63,1.39
Stolo,64,1.71
Stolo,60,1.2
Stolo,67,1.98
Stolo,61,1.31
Stolo,60,1.32
Stolo,70,2.25
Stolo,79,3.28
Stolo,62,1.44
Stolo,52,0.85
Stolo,60,1.37
Stolo,80,3.49
Stolo,71,2.08
Stolo,66,1.74
Stolo,60,1.28
Stolo,59,1.28
Stolo,62,1.49
Stolo,57,1.16
Stolo,57,1.15
Stolo,70,2.13
Stolo,70,2.12
Stolo,64,1.87
Stolo,64,1.6
Stolo,63,1.7
Stolo,63,1.44
Stolo,65,1.66
Stolo,64,1.67
Stolo,69,1.99
Stolo,80,3.27
Stolo,70,2.25
Stolo,68,2.01
Stolo,73,2.28
Stolo,71,2.37
Stolo,73,2.74
Stolo,74,2.34
Stolo,62,1.45
Stolo,77,2.98
Stolo,62,1.45
Stolo,68,2.2
Stolo,66,1.96
Stolo,61,1.48
Stolo,76,3.14
Stolo,78,3.16
Stolo,65,1.72
Stolo,73,2.39
Stolo,74,2.48
Stolo,73,2.45
Stolo,71,2.37
Stolo,68,1.98
Stolo,70,2.23
Stolo,70,2.22
Stolo,67,1.86
Stolo,70,2.17
Stolo,65,1.78
Stolo,54,1.09
Stolo,58,1.38
Stolo,70,2.14
Stolo,50,0.81
Stolo,54,1.03
Stolo,67,1.9
Stolo,67,1.97
Stolo,63,1.49
Stolo,65,1.76
Stolo,67,1.97
Stolo,70,2.19
Stolo,75,2.42
Stolo,90,4.39
Stolo,69,1.93
Stolo,81,3.39
Stolo,88,3.81
Stolo,80,3.28
Stolo,83,3.78
Stolo,80,3.08
Stolo,81,3.3
Stolo,95,5.77
Stolo,80,3.02
Stolo,75,2.57
Stolo,60,1.18
Stolo,80,3.19
Stolo,66,1.6
Stolo,60,1.16
Stolo,55,0.89
Stolo,52,0.87
Stolo,79,2.93
Stolo,85,3.79
Stolo,71,2.02
Stolo,83,3.49
Stolo,80,3.06
Stolo,85,3.7
Stolo,74,2.44
Stolo,81,2.94
Stolo,84,3.84
Stolo,78,3.04
Stolo,81,3.47
Stolo,79,2.41
Stolo,71,1.93
Stolo,84,3.91
Stolo,78,2.69
Stolo,77,2.91
Stolo,86,4.45
Stolo,88,4.31
Stolo,80,3.22
Stolo,86,3.85
Stolo,82,3.89
Stolo,80,3.35
Stolo,76,2.61
Stolo,80,3.19
Stolo,81,3.38
Stolo,72,1.95
Stolo,74,2.46
Stolo,77,2.57
Stolo,84,3.56
Stolo,85,3.77
Stolo,82,3.63
Stolo,88,4.15
Stolo,72,2.35
Stolo,81,3.35
Stolo,85,3.66
Stolo,80,3.11
Stolo,81,3.08
Stolo,79,2.97
Stolo,79,2.94
Stolo,79,2.96
Stolo,77,2.51
Stolo,78,2.69
Stolo,82,3.67
Stolo,72,2.85
Stolo,70,2.09
Stolo,81,3.13
Stolo,80,3.48
Stolo,84,3.53
Stolo,73,2.63
Stolo,85,3.9
Stolo,80,3.11
Stolo,50,0.98
Stolo,45,0.45
Stolo,72,2.3
Stolo,86,4.3
Stolo,86,4.29
Stolo,84,3.96
Stolo,81,3.62
Stolo,85,4.58
Stolo,85,4.56
Stolo,85,4.21
Stolo,85,4.7
Stolo,84,4.05
Stolo,84,3.6
Stolo,91,5.03
Stolo,85,4.35
Stolo,80,3.54
Stolo,82,3.83
Stolo,86,4.19
Stolo,86,4.7
Stolo,82,4.05
Stolo,87,4.66
Stolo,83,3.5
Stolo,87,4.43
Stolo,80,3.3
Stolo,81,3.72
Stolo,90,5.28
Stolo,87,4.48
Stolo,87,4.62
Stolo,82,3.7
Stolo,83,4.14
Stolo,81,3.69
Stolo,83,4.26
Stolo,87,4.17
Stolo,81,3.89
Stolo,83,4.03
Stolo,89,5.17
Stolo,88,4.53
Stolo,83,4.23
Stolo,89,4.82
Stolo,79,3.12
Stolo,83,3.97
Stolo,81,3.57
Stolo,86,4.61
Stolo,86,4.42
Stolo,87,4.58
Stolo,88,4.26
Stolo,83,3.64
Stolo,87,4.44
Stolo,87,4.54
Stolo,78,3.98
Stolo,88,4.75
Stolo,87,4.52
Stolo,84,4.19
Stolo,67,1.95
Stolo,90,5.31
Stolo,88,4.73
Stolo,83,4.4
Stolo,84,4.3
Stolo,80,3.54
Stolo,86,4.54
Stolo,86,4.38
Stolo,84,3.97
Stolo,82,3.88
Stolo,82,3.93
Stolo,83,3.91
Stolo,84,4.18
Stolo,79,3.28
Stolo,84,4.14
Stolo,88,4.49
Stolo,87,4.49
Stolo,89,4.98
Stolo,90,5.02
Stolo,83,3.92
Stolo,83,4.17
Stolo,82,3.79
Stolo,85,4.24
Stolo,94,6.4
Stolo,86,4.52
Stolo,85,4.37
Stolo,84,4.02
Stolo,85,4.25
Stolo,85,4.23
Stolo,85,4.3
Stolo,85,4.15
Stolo,86,4.34
Stolo,86,4.34
Stolo,85,4.21
Stolo,83,4.11
Stolo,86,4.5
Stolo,81,3.82
Stolo,75,2.85
Stolo,81,3.9
Stolo,70,2.41
Stolo,81,3.6
Stolo,69,2.05
Stolo,81,3.88
Stolo,78,3.28
Stolo,68,1.91
Stolo,64,1.55
Stolo,69,2.25
Stolo,71,2.3
Stolo,77,2.92
Stolo,82,3.21
Stolo,72,2.35
Stolo,77,3.18
Stolo,67,1.9
Stolo,68,1.65
Stolo,72,2.42
Stolo,74,2.58
Stolo,68,2.11
Stolo,80,3.23
Stolo,85,4.28
Stolo,78,3.23
Stolo,75,2.81
Stolo,73,2.44
Stolo,70,2.11
Stolo,70,2.14
Stolo,78,3.25
Stolo,50,0.84
Stolo,65,1.83
Stolo,68,1.99
Stolo,82,3.37
Stolo,74,2.41
Stolo,74,2.49
Stolo,81,3.41
Stolo,82,3.87
Stolo,69,1.9
Stolo,78,3.16
Stolo,80,3.28
Stolo,69,1.94
Stolo,74,2.58
Stolo,82,3.85
Stolo,71,3.32
Stolo,67,1.82
Stolo,86,2.71
Stolo,71,2.37
Stolo,75,2.67
Stolo,78,3.25
Stolo,77,3.06
Stolo,70,2.16
Stolo,67,1.92
Stolo,72,2.35
Stolo,72,2.34
Stolo,69,2.07
Stolo,69,1.85
Stolo,77,3.08
Stolo,72,2.08
Stolo,73,2.29
Stolo,74,2.26
Stolo,93,6.2
Stolo,92,5.81
Stolo,91,5.52
Stolo,89,5.09
Stolo,90,5.01
Stolo,95,0.41
Stolo,90,5.48
Stolo,90,5.65
Stolo,90,5.21
Stolo,89,5.61
Stolo,80,3.37
Stolo,90,5.42
Stolo,90,5.27
Stolo,90,6.02
Stolo,90,5.6
Stolo,94,5.62
Stolo,91,5.41
Stolo,93,6.09
Stolo,95,6.62
Stolo,84,4.46
Stolo,81,3.7
Stolo,87,5.03
Stolo,81,5.67
Stolo,78,3.72
Stolo,78,3.75
Stolo,67,2.08
Stolo,57,1.29
Stolo,59,1.47
Stolo,50,0.8
Stolo,57,1.33
Stolo,50,0.9
Stolo,70,2.48
Stolo,48,0.77
Stolo,58,1.29
Stolo,50,0.81
Stolo,52,0.97
Stolo,49,0.81
Stolo,60,1.61
Stolo,54,1.01
Stolo,55,1.21
Stolo,51,0.93
Stolo,51,0.87
Stolo,44,0.64
Stolo,54,1.06
Stolo,51,0.9
Stolo,65,2.03
Stolo,55,1.1
Stolo,57,1.32
Stolo,48,0.8
Stolo,61,1.54
Stolo,53,0.09
Stolo,50,0.91
Stolo,73,2.67
Stolo,68,2.28
Stolo,51,0.9
Stolo,44,0.63
Stolo,54,1.07
Stolo,55,1.22
Stolo,40,0.51
Stolo,51,0.98
Stolo,51,0.96
Stolo,48,0.76
Stolo,54,1.12
Stolo,49,0.82
Stolo,50,0.83
Stolo,56,1.12
Stolo,61,1.66
Stolo,75,3.26
Stolo,70,2.62
Stolo,66,2.19
Stolo,48,0.76
Stolo,77,3.37
Stolo,53,1.02
Stolo,64,2.25
Stolo,58,1.3
Stolo,53,0.94
Stolo,55,1.11
Stolo,53,1.01
Stolo,40,0.43
Stolo,48,0.7
Stolo,53,1.08
Stolo,50,0.85
Stolo,48,0.77
Stolo,43,0.61
Stolo,50,0.87
Stolo,48,0.76
Stolo,68,2.11
Stolo,50,0.83
Stolo,57,1.3
Stolo,65,2.01
Stolo,76,3.25
Stolo,57,1.37
Stolo,59,1.52
Stolo,56,1.26
Stolo,54,1.02
Stolo,80,3.51
Stolo,62,1.6
Stolo,65,2.02
Stolo,73,2.82
Stolo,79,3.26
Stolo,85,2.87
Stolo,63,1.66
Stolo,62,1.64
Stolo,55,1.06
Stolo,66,2
Stolo,54,1.05
Stolo,77,3.33
Stolo,62,1.68
Stolo,62,1.76
Stolo,51,0.92
Stolo,55,1.19
Stolo,71,2.61
Stolo,68,2.08
Stolo,65,2.12
Stolo,65,1.98
Stolo,66,2.11
Stolo,70,2.57
Stolo,68,2.5
Stolo,70,2.68
Stolo,67,2.12
Stolo,70,2.46
Stolo,66,1.89
Stolo,68,2.26
Stolo,66,1.88
Stolo,73,3.25
Stolo,50,0.84
Stolo,51,0.96
Stolo,65,2
Stolo,48,0.87
Stolo,68,1.54
Stolo,50,1
Stolo,75,3.08
Stolo,54,1.03
Stolo,67,2.32
Stolo,53,1.03
Stolo,62,1.81
Stolo,68,2.37
Stolo,70,2.5
Stolo,63,1.63
Stolo,68,2.31
Stolo,52,0.89
Stolo,85,4.12
Stolo,77,3.36
Stolo,65,2.07
Stolo,54,1.16
Stolo,54,1.05
Stolo,81,3.52
Stolo,70,2.43
Stolo,81,3.92
Stolo,69,2.3
Stolo,79,3.37
Stolo,67,2.16
Stolo,71,2.61
Stolo,60,1.55
Stolo,67,2.17
Stolo,74,2.73
Stolo,67,2.13
Stolo,52,0.99
Stolo,67,2.21
Stolo,57,1.35
Stolo,64,1.65
Stolo,72,2.77
Stolo,66,1.97
Stolo,55,1.06
Stolo,52,1.01
Stolo,52,1
Stolo,64,1.88
Stolo,59,1.45
Stolo,57,1.34
Stolo,55,1.06
Stolo,55,1.2
Stolo,57,1.36
Stolo,55,1.25
Stolo,63,1.69
Stolo,64,1.83
Stolo,55,1.27
Stolo,54,1.05
Stolo,50,0.89
Stolo,67,2.1
Stolo,70,2.46
Stolo,68,1.97
Stolo,70,2.25
Stolo,70,2.3
Stolo,70,2.37
Stolo,65,1.84
Stolo,65,1.9
Stolo,63,1.55
Stolo,70,2.5
Stolo,50,0.74
Stolo,67,1.99
Stolo,67,1.98
Stolo,70,2.45
Stolo,65,1.71
Stolo,83,3.56
Stolo,82,3.22
Stolo,62,1.33
Stolo,80,3.25
Stolo,65,1.68
Stolo,77,3
Stolo,60,1.38
Stolo,89,4.12
Stolo,79,3.09
Stolo,80,3.06
Stolo,65,1.71
Stolo,80,3.21
Stolo,62,1.6
Stolo,78,2.87
Stolo,76,3.03
Stolo,65,1.7
Stolo,60,1.27
Stolo,60,1.26
Stolo,60,1.32
Stolo,63,1.47
Stolo,75,2.74
Stolo,73,2.4
Stolo,79,3.02
Stolo,65,1.62
Stolo,73,2.4
Stolo,62,1.5
Stolo,63,1.56
Stolo,79,3.12
Stolo,65,1.64
Stolo,76,3.09
Stolo,60,1.27
Stolo,62,1.46
Stolo,80,3.27
Stolo,64,1.45
Stolo,60,1.22
Stolo,80,3.18
Stolo,65,1.64
Stolo,60,1.24
Stolo,65,1.63
Stolo,75,2.96
Stolo,80,3.33
Stolo,64,1.47
Stolo,81,3.42
Stolo,63,1.55
Stolo,60,1.2
Stolo,67,1.71
Stolo,78,3.23
Stolo,60,1.09
Stolo,55,0.94
Stolo,82,3.44
Stolo,63,1.53
Stolo,64,1.54
Stolo,64,1.57
Stolo,63,1.51
Stolo,70,2.03
Stolo,83,3.72
Stolo,70,2.02
Stolo,65,1.54
Stolo,70,2.02
Stolo,60,1.2
Stolo,60,1.18
Stolo,55,0.97
Stolo,65,1.53
Stolo,57,1.14
Stolo,80,3.52
Stolo,60,1.26
Stolo,63,1.73
Stolo,60,1.42
Stolo,63,1.45
Stolo,76,2.82
Stolo,62,1.38
Stolo,67,1.64
Stolo,63,1.44
Stolo,55,0.76
Stolo,60,1.22
Stolo,80,3.17
Stolo,58,1.11
Stolo,76,2.76
Stolo,61,1.36
Stolo,58,1.09
Stolo,62,1.53
Stolo,80,3.34
Stolo,60,1.18
Stolo,57,0.87
Stolo,75,2.48
Stolo,67,1.72
Stolo,77,2.82
Stolo,70,1.81
Stolo,66,1.62
Stolo,65,1.6
Stolo,83,4.3
Stolo,67,1.73
Stolo,78,2.84
Stolo,67,1.59
Stolo,60,1.28
Stolo,80,3.02
Stolo,82,3.17
Stolo,67,1.69
Stolo,68,1.73
Stolo,65,1.93
Stolo,80,3.41
Stolo,74,2.87
Stolo,78,3.22
Stolo,78,3.16
Stolo,80,3.69
Stolo,74,3.02
Stolo,79,3.41
Stolo,79,3.4
Stolo,75,2.82
Stolo,74,2.75
Stolo,51,0.83
Stolo,51,0.82
Stolo,58,1.28
Stolo,47,0.67
Stolo,63,1.77
Stolo,78,3.44
Stolo,53,0.94
Stolo,47,0.7
Stolo,55,1.2
Stolo,45,0.57
Stolo,60,1.54
Stolo,53,1.6
Stolo,61,1.6
Stolo,83,3.95
Stolo,78,3.48
Stolo,78,3.48
Stolo,79,3.42
Stolo,74,2.81
Stolo,59,1.36
Stolo,75,3.14
Stolo,77,3.4
Stolo,75,3.03
Stolo,63,1.69
Stolo,75,2.91
Stolo,50,0.68
Stolo,77,2.92
Stolo,42,0.57
Stolo,79,3.18
Stolo,73,2.76
Stolo,77,3.3
Stolo,61,1.57
Stolo,42,0.46
Stolo,75,3.07
Stolo,59,1.36
Stolo,78,3.18
Stolo,48,0.78
Stolo,55,1.09
Stolo,80,3.41
Stolo,79,3.18
Stolo,79,3.62
Stolo,74,2.97
Stolo,77,3.15
Stolo,74,2.75
Stolo,57,1.17
Stolo,60,1.46
Stolo,60,1.41
Stolo,72,2.57
Stolo,62,1.72
Stolo,74,2.85
Stolo,78,3.21
Stolo,81,3.64
Stolo,52,0.92
Stolo,73,2.6
Stolo,54,1.18
Stolo,64,1.78
Stolo,60,1.56
Stolo,58,1.22
Stolo,54,1.01
Stolo,50,0.76
Stolo,46,0.71
Stolo,78,3.27
Stolo,77,3.42
Stolo,77,3.1
Stolo,81,3.64
Stolo,59,0.85
Stolo,75,2.81
Stolo,77,2.92
Stolo,46,0.64
Stolo,54,1
Stolo,64,1.78
Stolo,47,0.67
Stolo,55,1.23
Stolo,61,1.45
Stolo,78,3.07
Stolo,75,2.87
Stolo,58,1.28
Stolo,52,0.95
Stolo,80,3.34
Stolo,51,0.87
Stolo,53,0.95
Stolo,53,0.83
Stolo,77,3.17
Stolo,78,3.22
Stolo,54,1.02
Stolo,46,0.62
Stolo,53,0.96
Stolo,61,1.45
Stolo,63,1.63
Stolo,55,1.08
Stolo,64,1.74
Stolo,66,1.92
Stolo,64,1.58
Stolo,76,2.79
Stolo,66,1.8
Stolo,59,1.34
Stolo,65,1.82
Stolo,58,1.19
Stolo,65,1.74
Stolo,75,2.64
Stolo,78,2.99
Stolo,62,1.48
Stolo,68,2.04
Stolo,62,1.54
Stolo,58,1.25
Stolo,62,1.69
Stolo,60,1.56
Stolo,55,0.91
Stolo,62,1.54
Stolo,60,1.43
Stolo,62,1.59
Stolo,84,3.92
Stolo,79,3.32
Stolo,78,3
Stolo,81,3.89
Stolo,79,3.34
Stolo,79,3.22
Stolo,77,3.22
Stolo,61,1.5
Stolo,63,1.7
Stolo,66,3.07
Stolo,69,2.05
Stolo,68,2.16
Stolo,67,2.5
Stolo,76,3.19
Stolo,80,3.22
Stolo,64,1.6
Stolo,61,1.42
Stolo,63,1.45
Stolo,64,1.65
Stolo,65,1.09
Stolo,63,1.66
Stolo,62,1.52
Stolo,64,0.92
Stolo,74,2.62
Stolo,80,3.4
Stolo,55,1.2
Stolo,56,1.07
Stolo,55,1.07
Stolo,93,5.47
Stolo,59,1.43
Stolo,78,3.22
Stolo,73,2.68
Stolo,68,2.24
Stolo,66,1.75
Stolo,76,3.01
Stolo,76,2.83
Stolo,65,1.76
Stolo,62,1.51
Stolo,62,1.5
Stolo,62,1.34
Stolo,67,1.89
Stolo,61,1.46
Stolo,61,1.43
Stolo,57,1.18
Stolo,63,1.71
Stolo,66,1.88
Stolo,65,1.82
Stolo,79,3.14
Stolo,58,1.36
Stolo,78,3.24
Stolo,71,2.22
Stolo,80,3.6
Stolo,64,1.7
Stolo,65,1.76
Stolo,76,2.92
Stolo,63,1.66
Stolo,64,1.54
Stolo,68,1.99
Stolo,71,2.16
Stolo,63,1.53
Stolo,77,3.19
Stolo,66,1.81
Stolo,54,1.32
Stolo,64,1.73
Stolo,82,3.74
Stolo,62,1.59
Stolo,64,1.54
Stolo,66,1.8
Stolo,57,1.17
Stolo,62,1.55
Stolo,65,1.74
Stolo,59,1.39
Stolo,61,1.54
Stolo,86,4.29
Stolo,76,3.04
Stolo,80,3.47
Stolo,80,3.56
Stolo,71,2.28
Stolo,80,3.38
Stolo,79,3.29
Stolo,62,1.76
Stolo,77,3
Stolo,67,1.83
Stolo,60,1.32
Stolo,65,1.24
Stolo,62,1.46
Stolo,70,2.53
Stolo,60,1.4
Stolo,58,1.32
Stolo,63,1.7
Stolo,63,1.73
Stolo,57,1.28
Stolo,42,0.45
Stolo,61,1.56
Stolo,71,2.29
Stolo,84,4.24
Stolo,62,1.6
Stolo,58,1.2
Stolo,61,1.52
Stolo,62,1.78
Stolo,65,2.02
Stolo,55,1.19
Stolo,60,1.57
Stolo,54,1.06
Stolo,51,1.03
Stolo,57,1.12
Stolo,63,1.73
Stolo,63,1.76
Stolo,59,1.45
Stolo,60,1.55
Stolo,57,1.23
Stolo,58,1.28
Stolo,48,0.74
Stolo,65,1.78
Stolo,65,1.85
Stolo,70,2.13
Stolo,62,1.6
Stolo,65,1.71
Stolo,58,1.39
Stolo,48,0.8
Stolo,40,0.42
Stolo,61,1.52
Stolo,54,1.11
Stolo,64,1.86
Stolo,65,1.88
Stolo,48,0.69
Stolo,64,1.64
Stolo,54,1.09
Stolo,62,1.66
Stolo,58,1.42
Stolo,66,1.98
Stolo,57,1.29
Stolo,75,2.81
Stolo,80,3.4
Stolo,67,1.93
Stolo,80,3.33
Stolo,79,3.46
Stolo,66,1.42
Stolo,65,1.85
Stolo,65,1.77
Stolo,65,1.81
Stolo,77,3.07
Stolo,55,1.06
Stolo,66,1.91
Stolo,63,1.63
Stolo,58,1.29
Stolo,68,1.75
Stolo,65,1.73
Stolo,67,1.67
Stolo,79,3.21
Stolo,77,2.98
Stolo,65,1.82
Stolo,55,1.16
Stolo,67,1.54
Stolo,80,3.3
Stolo,60,1.34
Stolo,60,1.43
Stolo,65,1.66
Stolo,82,3.27
Stolo,62,1.62
Stolo,62,1.52
Stolo,56,1
Stolo,66,1.91
Stolo,54,0.89
Stolo,62,1.65
Stolo,65,1.75
Stolo,55,1.04
Stolo,57,1.16
Stolo,57,1.23
Stolo,62,1.55
Stolo,60,1.43
Stolo,61,1.52
Stolo,61,1.42
Stolo,85,4.23
Stolo,65,1.74
Stolo,49,0.7
Stolo,62,1.59
Stolo,64,1.59
Stolo,64,1.62
Stolo,80,3.28
Stolo,66,1.85
Stolo,63,1.79
Stolo,55,1.06
Stolo,65,1.78
Stolo,77,3.36
Stolo,69,2.05
Stolo,76,2.79
Stolo,63,1.63
Stolo,61,1.4
Stolo,57,1.16
Stolo,62,1.57
Stolo,65,1.79
Stolo,56,1.18
Stolo,56,1.12
Stolo,66,1.13
Stolo,60,1.49
Stolo,65,1.75
Stolo,65,1.72
Stolo,70,2.3
Stolo,62,1.51
Stolo,63,1.52
Stolo,57,1.14
Stolo,80,3.41
Stolo,60,1.4
Stolo,67,1.87
Stolo,65,1.72
Stolo,62,1.56
Stolo,60,1.2
Stolo,58,1.04
Stolo,60,2.22
Stolo,57,1.15
Stolo,70,2.15
Stolo,67,2.03
Stolo,57,1.17
Stolo,61,1.46
Stolo,68,2.06
Stolo,50,0.74
Stolo,58,1.15
Stolo,57,1.19
Stolo,58,1.19
Stolo,53,0.85
Stolo,57,1.08
Stolo,81,3.47
Stolo,77,2.28
Stolo,78,3.32
Stolo,66,1.89
Stolo,82,3.92
Stolo,81,3.67
Stolo,80,3.45
Stolo,66,2.05
Stolo,63,1.75
Stolo,76,3.11
Stolo,60,1.14
Stolo,67,2.11
Stolo,81,3.77
Stolo,77,3.03
Stolo,83,3.78
Stolo,86,4.33
Stolo,78,3.4
Stolo,78,3.44
Stolo,78,3.4
Stolo,74,2.76
Stolo,78,3.35
Stolo,80,3.63
Stolo,77,3.19
Stolo,70,2.41
Stolo,76,3.28
Stolo,77,3.13
Stolo,65,1.81
Stolo,80,3.53
Stolo,78,3.21
Stolo,75,2.99
Stolo,80,3.72
Stolo,81,3.74
Stolo,70,2.23
Stolo,67,1.99
Stolo,60,1.44
Stolo,70,2.29
Stolo,66,1.89
Stolo,62,1.6
Stolo,80,3.52
Stolo,73,2.46
Stolo,65,1.85
Stolo,77,3.22
Stolo,78,3.21
Stolo,77,3.5
Stolo,66,1.88
Stolo,70,2.19
Stolo,68,2.05
Stolo,80,3.45
Stolo,77,3.14
Stolo,55,1.22
Stolo,63,1.68
Stolo,80,3.22
Stolo,81,3.38
Stolo,59,1.28
Stolo,82,3.73
Stolo,78,3.11
Stolo,79,3.11
Stolo,65,1.93
Stolo,79,3.39
Stolo,67,2.04
Stolo,78,3.17
Stolo,62,1.47
Stolo,75,2.97
Stolo,80,3.55
Stolo,75,2.67
Stolo,78,3.19
Stolo,77,3.14
Stolo,77,3.09
Stolo,66,2.01
Stolo,71,2.31
Stolo,83,3.88
Stolo,79,3.11
Stolo,82,3.87
Stolo,66,1.83
Stolo,78,3.17
Stolo,67,2.07
Stolo,82,3.75
Stolo,61,1.56
Stolo,60,1.44
Stolo,68,2.02
Stolo,68,1.99
Stolo,58,1.33
Stolo,60,1.31
Stolo,82,3.76
Stolo,82,3.7
Stolo,77,3.03
Stolo,76,2.96
Stolo,78,3.29
Stolo,80,3.3
Stolo,81,3.69
Stolo,82,3.91
Stolo,78,3.34
Stolo,80,3.42
Stolo,78,3.18
Stolo,82,4.04
Stolo,80,3.34
Stolo,78,3.18
Stolo,60,1.35
Stolo,78,3.34
Stolo,82,3.79
Stolo,57,1.21
Stolo,78,3.3
Stolo,72,2.39
Stolo,84,3.89
Stolo,68,2.06
Stolo,60,1.35
Limno,84,4.01
Limno,84,4.05
Limno,96,6.09
Limno,99,7.59
Limno,110,9.54
Limno,85,4.04
Limno,85,4.35
Limno,85,4.53
Limno,96,5.71
Limno,94,5.98
Limno,90,5.25
Limno,99,6.55
Limno,87,4.5
Limno,97,5.92
Limno,85,5.58
Limno,93,6.62
Limno,92,5.52
Limno,96,6.18
Limno,96,6.3
Limno,97,6.75
Limno,94,5.92
Limno,90,4.96
Limno,90,5.16
Limno,96,6.12
Limno,92,5.46
Limno,98,5.85
Limno,92,5.54
Limno,97,6.35
Limno,125,13.76
Limno,89,5.07
Limno,111,9.97
Limno,98,6.83
Limno,93,5.79
Limno,86,6.56
Limno,100,7.16
Limno,90,4.8
Limno,87,4.75
Limno,90,4.89
Limno,96,6.55
Limno,102,7.7
Limno,91,5.92
Limno,107,8.07
Limno,97,6.43
Limno,87,4.55
Limno,95,5.64
Limno,95,6.05
Limno,101,7.62
Limno,87,4.25
Limno,102,6.8
Limno,97,6.56
Limno,90,5.22
Limno,88,4.83
Limno,94,5.83
Limno,89,5.13
Limno,86,4.47
Limno,96,6.21
Limno,103,7.12
Limno,95,5.54
Limno,93,5.45
Limno,88,4.46
Limno,95,6.01
Limno,88,4.73
Limno,88,4.7
Limno,109,9.18
Limno,86,4.23
Limno,86,4.64
Limno,85,4.13
Limno,94,5.9
Limno,90,4.77
Limno,97,7.28
Limno,88,5.44
Limno,85,6.96
Limno,102,7.97
Limno,92,5.46
Limno,90,5.42
Limno,83,5.98
Limno,100,7.9
Limno,108,8.9
Limno,99,7.18
Limno,100,7.71
Limno,99,7.21
Limno,98,7.09
Limno,100,7.93
Limno,95,6.51
Limno,100,7.12
Limno,100,7.6
Limno,104,8.14
Limno,110,9.11
Limno,93,5.54
Limno,94,5.9
Limno,98,6.63
Limno,93,5.7
Limno,94,5.63
Limno,85,3.9
Limno,98,6.71
Limno,107,8.61
Limno,90,4.92
Limno,95,5.8
Limno,97,6.3
Limno,102,7.46
Limno,85,4.5
Limno,98,6.24
Limno,110,9.29
Limno,92,5.21
Limno,82,4.99
Limno,93,5.66
Limno,102,7.63
Limno,91,5.66
Limno,104,8.2
Limno,83,3.69
Limno,87,4.79
Limno,104,7.85
Limno,85,4.75
Limno,95,6.47
Limno,92,5.46
Limno,90,5.03
Limno,91,4.6
Limno,94,5.84
Limno,105,8.29
Limno,100,7.45
Limno,94,5.46
Limno,88,4.78
Limno,93,5.04
Limno,92,5.46
Limno,100,8.07
Limno,86,4.53
Limno,91,5.17
Limno,90,5.07
Limno,93,5.54
Limno,100,6.76
Limno,92,5.03
Limno,94,5.24
Limno,107,9.9
Limno,89,4.77
Limno,90,5.58
Limno,88,5.48
Limno,95,6.91
Limno,92,4.83
Limno,87,4.66
Limno,83,3.78
Limno,88,4.38
Limno,97,6.53
Limno,101,7.67
Limno,92,5.39
Limno,95,5.66
Limno,95,6.1
Limno,87,4.36
Limno,90,5.1
Limno,90,4.78
Limno,99,6.87
Limno,90,4.55
Limno,92,5.32
Limno,98,6.94
Limno,90,5.08
Limno,94,5.72
Limno,157,30.7
Limno,105,8.91
Limno,101,7.58
Limno,102,7.69
Limno,102,8.02
Limno,104,7.95
Limno,99,6.77
Limno,129,16.29
Limno,99,7.12
Limno,103,7.52
Limno,103,7.6
Limno,102,7.81
Limno,105,8.22
Limno,146,24.69
Limno,106,8.18
Limno,105,8.47
Limno,107,7.03
Limno,105,8.34
Limno,102,7.49
Limno,103,7.41
Limno,103,7.77
Limno,89,6.6
Limno,96,6.46
Limno,104,7.57
Limno,106,9.13
Limno,107,8.57
Limno,90,5.07
Limno,105,8.72
Limno,98,6.41
Limno,107,8.4
Limno,113,10.97
Limno,99,6.42
Limno,104,8.12
Limno,92,5.12
Limno,103,7.6
Limno,108,8.7
Limno,106,8.06
Limno,96,6.66
Limno,96,5.59
Limno,106,8.25
Limno,93,5.36
Limno,101,7.29
Limno,107,8.88
Limno,97,8.47
Limno,97,6.5
Limno,110,9.7
Limno,101,7.34
Limno,103,7.13
Limno,104,7.93
Limno,102,7.12
Limno,102,7.24
Limno,109,8.98
Limno,99,7.37
Limno,99,7.07
Limno,97,5.95
Limno,100,7.16
Limno,106,8.32
Limno,105,8.28
Limno,98,6.36
Limno,100,7.66
Limno,97,6.62
Limno,100,6.66
Limno,103,8.23
Limno,105,8.47
Limno,101,7.36
Limno,100,6.88
Limno,106,8.96
Limno,98,6.75
Limno,97,6.84
Limno,96,5.97
Limno,101,7.06
Limno,96,5.81
Limno,98,6.95
Limno,96,6.21
Limno,95,5.89
Limno,100,6.98
Limno,105,7.88
Limno,95,5.9
Limno,96,8.86
Limno,100,7.24
Limno,102,7.34
Limno,103,8.77
Limno,86,4.33
Limno,93,5.54
Limno,80,4.08
Limno,109,9.71
Limno,95,6.16
Limno,87,4.7
Limno,94,5.96
Limno,91,5.12
Limno,93,6.24
Limno,93,5.79
Limno,97,6.32
Limno,89,4.56
Limno,80,3.16
Limno,93,6.03
Limno,95,6.27
Limno,95,6.25
Limno,110,10.87
Limno,91,4.98
Limno,108,10.25
Limno,87,4.86
Limno,96,6.98
Limno,94,6.01
Limno,89,5.18
Limno,88,4.79
Limno,88,4.94
Limno,97,6.85
Limno,95,6.66
Limno,87,4.64
Limno,106,8.61
Limno,95,6.12
Limno,86,4.56
Limno,93,5.91
Limno,90,5.14
Limno,85,4.25
Limno,86,4.5
Limno,93,6.02
Limno,88,4.73
Limno,80,3.75
Limno,89,4.81
Limno,105,8.08
Limno,103,8.04
Limno,81,3.98
Limno,85,4.29
Limno,85,4.19
Limno,94,6.09
Limno,85,4.89
Limno,88,4.9
Limno,80,3.48
Limno,81,3.4
Limno,99,6.9
Limno,83,4.12
Limno,92,5.09
Limno,94,6.3
Limno,90,5.12
Limno,95,6.21
Limno,81,3.79
Limno,82,3.82
Limno,89,4.92
Limno,84,4.28
Limno,93,5.96
Limno,83,4.09
Limno,85,4.56
Limno,90,5.49
Limno,85,4.39
Limno,103,8.7
Limno,94,8.85
Limno,83,4.24
Limno,85,4.32
Limno,87,4.85
Limno,90,4.93
Limno,82,3.8
Limno,83,4.01
Limno,91,4.98
Limno,86,4.2
Limno,88,4.96
Limno,87,4.84
Limno,82,3.92
Limno,93,5.78
Limno,85,4.26
Limno,102,7.41
Limno,91,5.53
Limno,92,7.8
Limno,91,5.38
Limno,85,4.3
Limno,83,3.97
Limno,90,4.9
Limno,86,4.43
Limno,108,8.36
Limno,85,3.72
Limno,90,5.05
Limno,84,3.99
Limno,77,3.2
Limno,70,2.3
Limno,80,3.5
Limno,55,1.12
Limno,80,3.8
Limno,40,0.38
Limno,53,0.99
Limno,51,0.86
Limno,56,1.12
Limno,83,4.03
Limno,53,0.83
Limno,57,1.2
Limno,40,0.38
Limno,75,3.04
Limno,59,1.3
Limno,96,6.59
Limno,87,4.74
Limno,64,1.87
Limno,80,3.75
Limno,67,1.97
Limno,75,3.07
Limno,82,3.74
Limno,61,1.56
Limno,50,0.82
Limno,92,6.05
Limno,68,2.16
Limno,66,2.06
Limno,63,1.61
Limno,85,4.21
Limno,67,1.94
Limno,54,0.96
Limno,50,0.73
Limno,75,3.07
Limno,84,4.09
Limno,50,0.75
Limno,74,2.52
Limno,50,0.65
Limno,51,0.9
Limno,70,2.29
Limno,70,2.51
Limno,77,3.44
Limno,78,3.09
Limno,63,1.75
Limno,79,3.84
Limno,61,1.61
Limno,71,2.54
Limno,43,0.55
Limno,44,0.53
Limno,78,3.31
Limno,89,4.85
Limno,56,1.19
Limno,74,2.89
Limno,74,1.84
Limno,76,2.69
Limno,53,0.96
Limno,71,2.35
Limno,70,2.32
Limno,78,3.14
Limno,76,3.06
Limno,75,3.04
Limno,72,2.46
Limno,70,2.12
Limno,75,3.16
Limno,74,3.41
Limno,72,2.51
Limno,74,2.92
Limno,88,4.74
Limno,77,3.24
Limno,66,2.16
Limno,87,4.84
Limno,88,4.9
Limno,81,3.83
Limno,49,0.74
Limno,56,1.18
Limno,67,2.09
Limno,73,2.78
Limno,72,2.44
Limno,68,2.18
Limno,67,2.05
Limno,70,2.32
Limno,77,3.13
Limno,66,1.89
Limno,68,2.04
Limno,73,2.79
Limno,77,3.11
Limno,70,2.39
Limno,73,2.8
Limno,48,0.66
Limno,52,1.03
Limno,53,1.05
Limno,76,2.87
Limno,40,0.4
Limno,62,1.72
Limno,72,2.05
Limno,70,2.38
Limno,84,4.51
Limno,76,3.16
Limno,65,1.94
Limno,64,1.69
Limno,52,0.8
Limno,92,5.24
Limno,99,7.13
Limno,85,4.06
Limno,83,3.54
Limno,77,2.72
Limno,81,3.19
Limno,81,3.58
Limno,84,3.67
Limno,90,4.7
Limno,78,3.24
Limno,88,4.56
Limno,99,6.64
Limno,75,2.68
Limno,86,3.95
Limno,88,4.91
Limno,78,3.04
Limno,80,3.12
Limno,76,2.78
Limno,76,2.78
Limno,56,1.22
Limno,84,3.71
Limno,83,3.65
Limno,65,1.65
Limno,58,1.25
Limno,80,3.36
Limno,78,3.76
Limno,81,3.32
Limno,81,1.57
Limno,104,7.85
Limno,98,6.21
Limno,75,2.58
Limno,79,3.15
Limno,87,4.53
Limno,96,6.4
Limno,100,7.33
Limno,92,3.59
Limno,91,4.9
Limno,88,4.15
Limno,94,5.93
Limno,88,4.39
Limno,95,5.7
Limno,59,1.32
Limno,80,3.27
Limno,83,3.67
Limno,63,1.65
Limno,77,3.07
Limno,110,9.11
Limno,75,2.89
Limno,85,4.03
Limno,83,3.7
Limno,108,8.54
Limno,73,2.62
Limno,68,2.05
Limno,79,3.08
Limno,89,4.83
Limno,94,5.73
Limno,90,5.04
Limno,88,4.32
Limno,83,3.52
Limno,78,3.38
Limno,71,2.45
Limno,83,3.91
Limno,68,1.96
Limno,62,1.55
Limno,80,3.53
Limno,92,5.25
Limno,96,5.9
Limno,82,3.3
Limno,81,3.22
Limno,84,3.78
Limno,86,4.01
Limno,90,4.54
Limno,85,3.97
Limno,81,3.36
Limno,77,3.19
Limno,82,3.43
Limno,76,3
Limno,82,3.32
Limno,83,3.99
Limno,82,3.6
Limno,93,5.63
Limno,95,5.3
Limno,96,5.97
Limno,108,8.79
Limno,91,4.89
Limno,82,3.35
Limno,90,4.98
Limno,79,2.83
Limno,75,2.35
Limno,96,5.03
Limno,84,3.79
Limno,75,2.92
Limno,60,1.47
Limno,71,2.04
Limno,77,2.65
Limno,85,3.82
Limno,78,3.03
Limno,108,9.03
Limno,77,3
Limno,53,0.75
Limno,55,0.82
Limno,75,1.06
Limno,53,0.78
Limno,60,1.4
Limno,50,0.75
Limno,55,0.91
Limno,52,0.84
Limno,52,0.79
Limno,68,1.02
Limno,58,1.7
Limno,58,1.14
Limno,75,2.58
Limno,92,5.05
Limno,75,2.57
Limno,84,3.74
Limno,76,2.78
Limno,58,1.29
Limno,71,2.09
Limno,41,0.4
Limno,45,0.8
Limno,63,1.64
Limno,60,1.34
Limno,63,1.58
Limno,45,0.55
Limno,50,0.72
Limno,55,0.98
Limno,74,2.28
Limno,52,0.93
Limno,78,2.91
Limno,86,4.47
Limno,95,6.05
Limno,45,0.59
Limno,57,1.18
Limno,41,0.33
Limno,45,0.48
Limno,48,0.67
Limno,63,1.24
Limno,98,7.27
Limno,60,1.5
Limno,70,2.26
Limno,67,1.84
Limno,76,2.96
Limno,70,2.42
Limno,73,2.74
Limno,80,3.4
Limno,83,3.94
Limno,81,3.88
Limno,57,1.34
Limno,67,2.17
Limno,56,1.18
Limno,70,2.19
Limno,70,2.17
Limno,52,0.95
Limno,75,2.89
Limno,66,1.88
Limno,66,1.91
Limno,85,3.97
Limno,55,1.12
Limno,61,1.55
Limno,57,1.25
Limno,65,1.96
Limno,55,1.18
Limno,51,0.91
Limno,57,1.28
Limno,68,2.06
Limno,49,0.82
Limno,55,1.05
Limno,52,0.94
Limno,57,1.21
Limno,94,6.32
Limno,73,2.53
Limno,84,4.28
Limno,77,2.26
Limno,67,2.04
Limno,67,2.13
Limno,70,2.41
Limno,85,4.31
Limno,80,3.61
Limno,68,2.17
Limno,75,2.68
Limno,75,2.88
Limno,78,3.28
Limno,70,1.81
Limno,74,2.62
Limno,56,1.22
Limno,78,3.66
Limno,81,3.6
Limno,79,3.21
Limno,71,2.4
Limno,67,2.16
Limno,88,4.87
Limno,70,2.24
Limno,88,4.66
Limno,79,3.39
Limno,82,3.91
Limno,73,2.82
Limno,64,1.72
Limno,78,3.04
Limno,64,1.88
Limno,72,2.47
Limno,65,1.84
Limno,74,2.45
Limno,63,1.67
Limno,61,1.48
Limno,52,1
Limno,52,0.98
Limno,56,1.23
Limno,65,1.84
Limno,57,1.86
Limno,66,1.89
Limno,55,1.14
Limno,57,1.28
Limno,60,1.47
Limno,105,8.51
Limno,97,6.14
Limno,87,4.02
Limno,85,4.12
Limno,91,6.57
Limno,113,10.45
Limno,90,5.04
Limno,81,4.45
Limno,98,6.3
Limno,105,8.49
Limno,77,2.83
Limno,93,5.16
Limno,85,3.91
Limno,106,8.36
Limno,104,8.63
Limno,98,6.63
Limno,88,4.82
Limno,99,6.86
Limno,83,3.75
Limno,105,7.67
Limno,100,7.05
Limno,77,2.89
Limno,85,4.05
Limno,90,5.35
Limno,88,4.37
Limno,76,2.59
Limno,103,7.76
Limno,83,3.67
Limno,81,3.76
Limno,70,2.2
Limno,80,3.31
Limno,92,5.4
Limno,109,9.85
Limno,107,9.32
Limno,80,3.52
Limno,75,2.73
Limno,97,6.49
Limno,78,3.31
Limno,88,4.83
Limno,83,4.08
Limno,94,5.75
Limno,83,3.91
Limno,83,3.85
Limno,70,2.38
Limno,97,6.19
Limno,65,1.6
Limno,98,6.17
Limno,74,2.44
Limno,83,4.17
Limno,84,3.88
Limno,92,5.28
Limno,81,3.2
Limno,80,3.43
Limno,102,7.38
Limno,72,2.08
Limno,85,3.89
Limno,75,2.82
Limno,103,7.87
Limno,88,5.01
Limno,111,11.85
Limno,90,5.38
Limno,90,5.14
Limno,96,6.76
Limno,97,6.66
Limno,99,7.21
Limno,102,7.75
Limno,106,9.72
Limno,102,7.45
Limno,90,4.92
Limno,97,6.28
Limno,101,7.18
Limno,95,6.07
Limno,86,4.24
Limno,88,5.07
Limno,93,5.85
Limno,85,4.14
Limno,108,9.85
Limno,92,6.68
Limno,92,5.57
Limno,110,10.4
Limno,153,24.98
Limno,86,4.65
Limno,87,4.53
Limno,91,5
Limno,85,4.55
Limno,82,3.92
Limno,80,3.64
Limno,80,3.59
Limno,87,4.3
Limno,86,4.75
Limno,78,3.4
Limno,82,3.87
Limno,80,3.33
Limno,78,3.22
Limno,82,3.28
Limno,80,3.36
Limno,78,3.42
Limno,81,3.36
Limno,87,4.76
Limno,83,3.82
Limno,83,4.22
Limno,88,4.31
Limno,82,4.01
Limno,87,4.38
Limno,77,2.98
Limno,80,3.75
Limno,88,4.84
Limno,84,4.21
Limno,81,3.46
Limno,80,3.49
Limno,85,4.34
Limno,70,2.08
Limno,75,2.73
Limno,81,3.79
Limno,87,4.44
Limno,85,4.17
Limno,77,3
Limno,110,10.85
Limno,100,7.97
Limno,108,10.65
Limno,107,10.91
Limno,105,8.75
Limno,107,9.68
Limno,100,7.51
Limno,105,9.26
Limno,102,8.54
Limno,97,7.58
Limno,90,4.98
Limno,105,9.41
Limno,141,22.82
Limno,111,10.63
Limno,105,10.03
Limno,105,9.51
Limno,103,8.67
Limno,100,8.07
Limno,112,11.09
Limno,112,11.68
Limno,103,8.93
Limno,105,9.62
Limno,103,9.12
Limno,104,8.73
Limno,102,8.55
Limno,95,6.61
Limno,100,7.82
Limno,100,8.66
Limno,106,9.82
Limno,102,8.74
Limno,95,6.9
Limno,109,10.2
Limno,103,9.15
Limno,110,11.2
Limno,97,7.46
Limno,105,9.37
Limno,98,7.86
Limno,104,8.51
Limno,105,9.49
Limno,105,10.21
Limno,98,7.39
Limno,100,8.87
Limno,102,9.03
Limno,98,7.25
Limno,100,8.35
Limno,106,10.03
Limno,97,7.03
Limno,106,9.88
Limno,109,10.58
Limno,115,13.15
Limno,97,8.11
Limno,98,7.62
Limno,100,8.81
Limno,100,8.88
Limno,105,9.32
Limno,101,8.37
Limno,110,11.63
Limno,110,11.36
Limno,108,10.28
Limno,96,6.44
Limno,103,9.66
Limno,106,9.82
Limno,99,8.05
Limno,103,8.52
Limno,100,8.08
Limno,105,11.36
Limno,110,10.64
Limno,95,7.84
Limno,105,9.84
Limno,104,9.02
Limno,104,9.58
Limno,107,10.44
Limno,107,10
Limno,108,10.48
Limno,105,9.83
Limno,99,7.55
Limno,104,8.57
Limno,105,9.81
Limno,104,9.2
Limno,100,8.63
Limno,105,9.11
Limno,105,9.46
Limno,107,9.26
Limno,97,7.8
Limno,100,7.76
Limno,103,8.31
Limno,103,9.17
Limno,90,5.66
Limno,100,8.21
Limno,110,10.8
Limno,101,7.86
Limno,104,9.38
Limno,107,10.74
Limno,100,8.22
Limno,100,8.17
Limno,105,9.05
Limno,90,5.59
Limno,78,3.38
Limno,100,8.03
Limno,73,2.78
Limno,58,1.47
Limno,64,1.55
Limno,55,1.05
Limno,51,0.76
Limno,61,1.54
Limno,55,1.04
Limno,53,0.91
Limno,50,0.74
Limno,50,0.81
Limno,58,1.24
Limno,55,0.98
Limno,55,1.04
Limno,59,1.28
Limno,66,1.97
Limno,63,1.62
Limno,65,1.93
Limno,60,1.47
Limno,77,3.02
Limno,65,1.78
Limno,76,2.86
Limno,68,2.27
Limno,60,1.54
Limno,72,2.44
Limno,68,2.3
Limno,72,2.4
Limno,68,2.21
Limno,48,0.72
Limno,65,1.81
Limno,72,2.65
Limno,66,2.03
Limno,69,2.23
Limno,67,2.1
Limno,72,2.75
Limno,68,2.15
Limno,68,2.32
Limno,67,2.06
Limno,61,1.53
Limno,57,1.43
Limno,69,2.4
Limno,68,2.36
Limno,57,1.2
Limno,81,3.8
Limno,75,2.84
Limno,73,2.65
Limno,67,2.21
Limno,78,3.41
Limno,75,2.95
Limno,75,3.09
Limno,44,0.57
Limno,81,3.79
Limno,52,0.93
Limno,106,9.22
Limno,75,3.08
Limno,82,3.55
Limno,48,0.67
Limno,77,3.2
Limno,67,2.09
Limno,69,2.37
Limno,86,4.75
Limno,90,5.3
Limno,73,2.92
Limno,75,3.16
Limno,70,2.3
Limno,85,4.3
Limno,89,5.4
Limno,70,2.77
Limno,77,3.2
Limno,54,1.26
Limno,68,2.3
Limno,62,1.92
Limno,78,3.02
Limno,79,3.63
Limno,78,2.68
Limno,80,3.74
Limno,66,1.98
Limno,91,5.19
Limno,73,2.67
Limno,63,1.67
Limno,70,2.49
Limno,77,3.49
Limno,59,1.37
Limno,63,1.89
Limno,71,2.7
Limno,51,0.97
Limno,62,1.89
Limno,66,2.14
Limno,71,2.68
Limno,75,2.98
Limno,47,0.72
Limno,67,2.17
Limno,57,1.41
Limno,62,2.03
Limno,67,2.6
Limno,82,4.1
Limno,59,1.5
Limno,60,1.55
Limno,57,1.27
Limno,65,1.98
Limno,65,1.92
Limno,63,1.8
Limno,45,0.72
Limno,43,0.68
Limno,64,1.94
Limno,64,1.96
Limno,62,1.96
Limno,58,1.48
Limno,65,1.94
Limno,66,2.25
Limno,55,1.23
Limno,53,1.98
Limno,50,1.04
Limno,60,1.63
Limno,65,2.07
Limno,100,7.75
Limno,53,1.17
Limno,47,0.9
Limno,62,1.7
Limno,67,2.17
Limno,46,0.18
Limno,66,1.98
Limno,57,1.39
Limno,60,1.47
Limno,46,0.62
Limno,47,0.7
Limno,58,1.33
Limno,58,1.42
Limno,52,0.98
Limno,57,1.4
Limno,71,2.6
Limno,78,3.32
Limno,55,1.29
Limno,58,1.41
Limno,66,2.21
Limno,65,1.99
Limno,60,1.54
Limno,58,1.52
Limno,95,6.41
Limno,76,3.3
Limno,58,1.47
Limno,58,1.46
Limno,60,1.77
Limno,55,1.22
Limno,58,1.55
Limno,61,1.7
Limno,57,1.33
Limno,68,2.38
Limno,62,1.85
Limno,58,1.48
Limno,44,0.69
Limno,64,1.88
Limno,49,0.89
Limno,52,0.98
Limno,45,0.7
Limno,55,1.34
Limno,61,1.65
Limno,65,2.12
Limno,67,2.34
Limno,68,2.41
Limno,53,1.05
Limno,48,0.84
Limno,82,3.68
Limno,70,2.54
Limno,70,2.47
Limno,71,2.67
Limno,67,2.32
Limno,58,1.47
Limno,60,1.56
Limno,70,2.58
Limno,60,1.58
Limno,64,1.85
Limno,57,1.41
Limno,48,0.73
Limno,52,1.03
Limno,54,1.18
Limno,60,1.54
Limno,60,1.6
Limno,62,1.82
Limno,73,3.04
Limno,68,2.48
Limno,58,1.4
Limno,52,0.9
Limno,54,1.16
Limno,50,0.68
Limno,66,2.11
Limno,68,2.34
Limno,58,1.47
Limno,67,2.27
Limno,57,1.44
Limno,57,1.49
Limno,88,4.73
Limno,89,5.61
Limno,73,2.92
Limno,77,3.56
Limno,84,4.46
Limno,74,3.04
Limno,77,3.58
Limno,79,3.81
Limno,67,2.29
Limno,73,3.28
Limno,70,2.72
Limno,67,2.39
Limno,72,2.63
Limno,67,2.49
Limno,73,3.12
Limno,67,2.39
Limno,67,2.37
Limno,55,1.46
Limno,48,0.95
Limno,60,1.77
Limno,73,2.89
Limno,61,1.85
Limno,59,1.71
Limno,66,2.32
Limno,52,1.19
Limno,50,1.09
Limno,43,0.68
Limno,64,2.19
Limno,44,0.69
Limno,69,2.64
Limno,44,0.68
Limno,45,0.75
Limno,41,0.56
Limno,43,0.61
Limno,57,1.57
Limno,45,0.77
Limno,45,0.75
Limno,53,0.54
Limno,41,0.57
Limno,40,0.54
Limno,50,1.06
Limno,36,0.42
Limno,40,0.53
Limno,56,1.36
Limno,52,1.13
Limno,42,0.56
Limno,38,0.43
Limno,43,0.69
Limno,38,0.5
Limno,57,1.59
Limno,49,1.01
Limno,49,0.89
Limno,51,0.99
Limno,51,1.03
Limno,45,0.8
Limno,45,0.76
Limno,50,1.08
Limno,66,2.35
Limno,42,0.54
Limno,74,2.97
Limno,56,1.35
Limno,63,1.92
Limno,43,0.68
Limno,39,0.54
Limno,58,1.55
Limno,54,1.19
Limno,69,2.56
Limno,54,1.18
Limno,44,0.68
Limno,39,0.51
Limno,38,0.45
Limno,58,1.65
Limno,52,1.24
Limno,65,2.27
Limno,46,0.77
Limno,68,2.24
Limno,44,0.7
Limno,45,0.82
Limno,43,0.63
Limno,49,0.98
Limno,45,0.77
Limno,39,0.51
Limno,48,0.97
Limno,46,0.88
Limno,52,1.11
Limno,44,0.74
Limno,43,0.64
Limno,47,0.85
Limno,44,0.75
Limno,36,0.43
Limno,41,0.62
Limno,40,0.61
Limno,44,0.69
Limno,42,0.72
Limno,65,2.35
Limno,64,1.89
Limno,64,2.09
Limno,60,1.64
Limno,58,1.46
Limno,49,0.93
Limno,48,0.96
Limno,43,0.58
Limno,58,1.63
Limno,48,0.92
Limno,48,0.89
Limno,45,0.69
Limno,54,1.36
Limno,49,0.98
Limno,34,0.33
Limno,38,0.45
Limno,50,0.96
Limno,33,0.32
Limno,78,3.32
Limno,71,2.36
Limno,65,1.97
Limno,59,1.37
Limno,66,2.08
Limno,56,1.25
Limno,65,1.95
Limno,65,2.05
Limno,49,0.87
Limno,50,1.88
Limno,49,0.91
Limno,47,0.73
Limno,44,0.58
Limno,50,0.89
Limno,65,2.01
Limno,48,0.83
Limno,50,0.85
Limno,68,2.25
Limno,58,1.12
Limno,49,0.83
Limno,54,1.06
Limno,56,1.16
Limno,47,0.75
Limno,47,0.73
Limno,42,0.54
Limno,44,0.61
Limno,69,2.44
Limno,50,0.8
Limno,55,1.21
Limno,43,0.58
Limno,46,0.73
Limno,51,0.9
Limno,49,0.81
Limno,48,0.82
Limno,60,1.47
Limno,50,0.86
Limno,53,1.03
Limno,51,0.52
Limno,42,0.52
Limno,43,0.61
Limno,46,0.66
Limno,45,0.58
Limno,48,0.79
Limno,60,1.6
Limno,41,0.45
Limno,47,0.44
Limno,58,1.4
Limno,61,1.68
Limno,51,0.9
Limno,53,1.01
Limno,50,0.76
Limno,55,1.21
Limno,42,0.5
Limno,85,0.65
Limno,54,1.06
Limno,48,0.78
Limno,43,0.6
Limno,41,0.5
Limno,45,0.66
Limno,40,0.4
Limno,64,1.74
Limno,56,1.28
Limno,42,0.51
Limno,46,0.65
Limno,40,0.41
Limno,77,3.21
Limno,68,2.12
Limno,46,0.7
Limno,44,0.54
Limno,54,1.05
Limno,60,1.51
Limno,52,0.95
Limno,68,2.11
Limno,54,1.17
Limno,55,1.08
Limno,71,2.49
Limno,71,2.4
Limno,65,1.97
Limno,65,2.08
Limno,57,1.37
Limno,61,1.58
Limno,69,2.11
Limno,45,0.62
Limno,65,1.97
Limno,50,0.78
Limno,68,2.1
Limno,56,1.28
Limno,57,1.38
Limno,53,0.62
Limno,62,1.63
Limno,68,2.24
Limno,53,1.06
Limno,65,1.79
Limno,44,0.57
Limno,51,0.92
Limno,43,0.52
Limno,78,3.3
Limno,46,0.68
Limno,48,0.75
Limno,61,1.82
Limno,71,2.53
Limno,62,1.86
Limno,67,2.07
Limno,75,2.93
Limno,67,2.25
Limno,54,1.28
Limno,71,2.52
Limno,57,1.36
Limno,64,2.01
Limno,65,2.21
Limno,50,1.01
Limno,59,1.65
Limno,67,2.3
Limno,59,1.59
Limno,56,1.27
Limno,53,1.11
Limno,53,1.18
Limno,67,2.16
Limno,50,0.82
Limno,61,1.62
Limno,64,1.95
Limno,63,1.93
Limno,47,0.32
Limno,62,1.89
Limno,63,2.01
Limno,55,1.16
Limno,57,1.39
Limno,52,1.06
Limno,55,1.31
Limno,49,0.95
Limno,49,0.89
Limno,54,1.17
Limno,36,0.33
Limno,49,0.89
Limno,44,0.65
Limno,55,1.3
Limno,52,1.07
Limno,49,0.93
Limno,42,0.54
Limno,51,0.93
Limno,46,0.72
Limno,41,0.5
Limno,53,1.2
Limno,42,0.56
Limno,43,0.61
Limno,65,2.02
Limno,75,2.95
Limno,68,2.3
Limno,66,2.02
Limno,62,1.76
Limno,70,2.58
Limno,65,2.11
Limno,63,1.76
Limno,67,2.16
Limno,52,1.22
Limno,61,1.78
Limno,48,0.76
Limno,49,0.86
Limno,47,0.74
Limno,49,0.86
Limno,68,2.16
Limno,60,1.62
Limno,55,1.22
Limno,59,1.54
Limno,50,0.91
Limno,43,0.55
Limno,60,1.62
Limno,44,0.61
Limno,59,1.44
Limno,43,0.62
Limno,56,1.21
Limno,66,1.96
Limno,54,1.13
Limno,37,0.34
Limno,59,1.43
Limno,71,2.42
Limno,60,1.62
Limno,60,1.62
Limno,63,1.77
Limno,46,0.74
Limno,59,1.41
Limno,52,1.11
Limno,51,0.99
Limno,46,0.76
Limno,69,2.37
Limno,60,1.64
Limno,56,1.3
Limno,55,1.22
Limno,61,1.77
Limno,63,2.83
Limno,61,1.62
Limno,59,1.4
Limno,63,1.77
Limno,63,1.88
Limno,61,1.68
Limno,55,1.25
Limno,52,1.04
Limno,58,1.42
Limno,50,0.95
Limno,55,1.18
Limno,46,0.72
Limno,52,1.03
Limno,62,1.92
Limno,64,1.9
Limno,58,1.48
Limno,53,1.08
Limno,56,1.3
Limno,64,1.92
Limno,59,1.48
Limno,53,1.06
Limno,46,0.74
Limno,49,0.83
Limno,48,0.81
Limno,50,0.91
Limno,65,2.01
Limno,58,1.41
Limno,63,1.96
Limno,59,1.57
Limno,73,2.89
Limno,69,2.32
Limno,67,2.27
Limno,55,1.18
Limno,62,1.89
Limno,72,2.69
Limno,53,1.11
Limno,65,1.98
Limno,56,1.321
Limno,63,2
Limno,55,1.28
Limno,73,2.79
Limno,64,1.88
Limno,65,2.03
Limno,69,2.31
Limno,63,1.91
Limno,59,1.46
Limno,60,1.67
Limno,68,2.35
Limno,64,1.84
Limno,60,1.63
Limno,57,1.3
Limno,65,1.97
Limno,63,1.66
Limno,73,2.88
Limno,57,1.39
Limno,64,1.98
Limno,58,1.4
Limno,71,2.65
Limno,62,1.69
Limno,64,1.8
Limno,63,1.7
Limno,58,1.42
Limno,64,1.9
Limno,57,1.27
Limno,65,2.18
Limno,70,2.43
Limno,62,1.75
Limno,64,1.99
Limno,70,2.43
Limno,70,2.55
Limno,63,1.75
Limno,64,1.88
Limno,59,1.54
Limno,54,1.15
Limno,64,1.99
Limno,67,2.04
Limno,57,1.44
Limno,58,1.49
Limno,58,1.6
Limno,65,1.24
Limno,78,3.77
Limno,76,3.08
Limno,59,1.49
Limno,70,2.41
Limno,62,1.78
Limno,57,1.17
Limno,66,1.88
Limno,61,1.58
Limno,64,1.83
Limno,64,2.09
Limno,64,2.01
Limno,61,1.72
Limno,64,1.83
Limno,64,1.91
Limno,74,2.98
Limno,65,1.93
Limno,60,1.71
Limno,70,2.49
Limno,70,2.65
Limno,64,1.78
Limno,59,1.56
Limno,62,1.89
Limno,56,1.31
Limno,60,1.68
Limno,60,1.67
Limno,53,1.12
Limno,67,2.3
Limno,64,2.01
Limno,67,2.13
Limno,66,2.24
Limno,63,1.85
Limno,60,1.64
Limno,57,1.67
Limno,59,1.47
Limno,68,2.4
Limno,49,0.86
Limno,70,2.57
Limno,53,1.19
Limno,64,2.08
Limno,58,1.47
Limno,54,1.21
Limno,56,1.4
Limno,63,2.11
Limno,66,1.99
Limno,64,1.88
Limno,55,1.15
Limno,52,1.05
Limno,48,0.82
Limno,60,1.62
Limno,59,1.56
Limno,49,0.86
Limno,61,1.76
Limno,55,1.27
Limno,55,1.23
Limno,54,1.16
Limno,60,1.68
Limno,62,1.8
Limno,48,0.78
Limno,64,2.03
Limno,59,1.63
Limno,50,0.92
Limno,51,1.03
Limno,57,1.05
Limno,53,1.04
Limno,47,0.79
Limno,58,1.45
Limno,57,1.39
Limno,58,1.13
Limno,47,0.79
Limno,67,2.16
Limno,65,1.76
Limno,50,0.81
Limno,60,1.5
Limno,75,2.95
Limno,67,1.77
Limno,67,2.01
Limno,58,1.41
Limno,60,1.48
Limno,65,1.48
Limno,60,1.41
Limno,80,3.42
Limno,56,1.27
Limno,76,3.15
Limno,71,2.66
Limno,68,2.18
Limno,68,2.16
Limno,57,1.24
Limno,54,0.93
Limno,67,2.01
Limno,46,0.66
Limno,50,0.93
Limno,67,2.08
Limno,64,1.69
Limno,75,2.72
Limno,58,1.4
Limno,54,1.04
Limno,70,2.36
Limno,67,2.1
Limno,60,1.49
Limno,55,1.09
Limno,50,0.84
Limno,71,2.45
Limno,54,0.99
Limno,68,2.26
Limno,81,3.51
Limno,50,1.01
Limno,70,2.44
Limno,65,1.85
Limno,62,1.67
Limno,62,1.54
Limno,78,3.4
Limno,69,2.11
Limno,58,1.25
Limno,50,1.45
Limno,58,1.28
Limno,60,1.53
Limno,45,0.61
Limno,75,2.84
Limno,55,0.12
Limno,56,1.17
Limno,46,0.68
Limno,58,1.28
Limno,61,1.54
Limno,55,1.02
Limno,51,0.91
Limno,54,1.08
Limno,53,1.01
Limno,60,1.61
Limno,50,0.88
Limno,74,2.81
Limno,66,1.98
Limno,72,2.61
Limno,66,1.97
Limno,68,2.18
Limno,51,0.9
Limno,66,2.02
Limno,56,1.11
Limno,71,2.47
Limno,53,1.02
Limno,49,0.76
Limno,61,1.61
Limno,58,1.26
Limno,61,1.5
Limno,48,0.75
Limno,50,0.88
Limno,45,0.49
Limno,80,3.82
Limno,52,0.96
Limno,62,1.73
Limno,67,2.1
Limno,71,2.51
Limno,69,2.18
Limno,68,1.69
Limno,78,3.31
Limno,51,1.01
Limno,73,0.55
Limno,50,0.88
Limno,57,1.12
Limno,51,0.9
Limno,47,0.65
Limno,43,0.59
Limno,58,1.81
Limno,51,0.85
Limno,54,0.99
Limno,59,1.38
Limno,61,1.57
Limno,68,2.24
Limno,59,1.4
Limno,70,2.88
